13503,Rabia,13503-9865279-6,BOR.House#15.Johar Town.Lahore,FALSE,TTTTTTAGCTTATTTAGTGA
13503,Aziz,13503-8218283-5,BOR.House#15.Johar Town.Lahore,TRUE,TTTTTTAGCTTATTTCTGTC
13503,Faraz,13503-8847469-7,BOR.House#15.Johar Town.Lahore,TRUE,TTTTTTAGCTTATTTGTTTG
13503,Rania,13503-5432423-9,BOR.House#15.Johar Town.Lahore,FALSE,TTTTTTAGCTTATTTGCACG
20436,Faisal,20436-3725467-6,KAN.House#12.Shahdra bagh.Lahore,TRUE,TTAACCGTAATTTTTGATAT
20436,Zain,20436-1513245-3,KAN.House#12.Shahdra bagh.Lahore,TRUE,TTAACCGTAATTTTTCGTTT
20436,Manzoor,20436-7463422-2,KAN.House#12.Shahdra bagh.Lahore,TRUE,TTAACCGTAATTTTTGAAGA
20436,Wajiha,20436-1111773-9,KAN.House#12.Shahdra bagh.Lahore,FALSE,TTAACCGTAATTTTTACTGA
20436,Adeel,20436-1243647-4,KAN.House#12.Shahdra bagh.Lahore,FALSE,TTAACCGTAATTTTTGTTGC
78966,Anees,78966-3546579-4,AFSAR.House#7.gulberg.Lahore,TRUE,GGATAGCTGACTAAATTAGC
78966,Mahwish,78966-7453423-9,AFSAR.House#7.gulberg.Lahore,FALSE,GGATAGCTGACTAAATCCTC
78966,Shahan,78966-2635465-9,AFSAR.House#7.gulberg.Lahore,FALSE,GGATAGCTGACTAAATCCAG
12345,Aliza,12345-9876547-4,JAMAL.House#3.Samanabad.Lahore,FALSE,ATTAATCCAATTCCCTCATT
12345,Alishba,12345-9876542-2,JAMAL.House#3.Samanabad.Lahore,FALSE,ATTAATCCAATTCCCTCAAC
12345,Jamal,12345-1234567-1,JAMAL.House#3.Samanabad.Lahore,FALSE,ATTAATCCAATTCCCCGACC
12345,Aneeka,12345-9127464-6,JAMAL.House#3.Samanabad.Lahore,FALSE,ATTAATCCAATTCCCAAAAA
19283,Maha,19283-9863547-3,KAMAL.House#204.Iqbal Town.Lahore,TRUE,AACTTCATTTGGTTAACTCG
19283,Maham,19283-5373625-4,KAMAL.House#204.Iqbal Town.Lahore,TRUE,AACTTCATTTGGTTAGGCTG
19283,Laraib,19283-8732526-5,KAMAL.House#204.Iqbal Town.Lahore,TRUE,AACTTCATTTGGTTATGTAT
19283,Nabeel,19283-9815373-6,KAMAL.House#204.Iqbal Town.Lahore,FALSE,AACTTCATTTGGTTAGTCTT
19283,Raheel,19283-1238475-9,KAMAL.House#204.Iqbal Town.Lahore,FALSE,AACTTCATTTGGTTAAAGGT
75643,Ruhia ,75643-0987635-0,ASIF.House#33.Cantonment.Lahore,FALSE,ACGCACGCGGTATGGGGGGG
75643,Farhan,75643-8766265-9,ASIF.House#33.Cantonment.Lahore,FALSE,ACGCACGCGGTATGGCTAGG
75643,Anwar,75643-1267345-0,ASIF.House#33.Cantonment.Lahore,TRUE,ACGCACGCGGTATGGAATGC
75643,Amjad,75643-1234345-1,ASIF.House#33.Cantonment.Lahore,FALSE,ACGCACGCGGTATGGATAAA
99998,Saleem,99998-9363562-0,SANUM.House#47.Muslimabad.Lahore,TRUE,AGTTGTGAAGTGTCTATCAC
99998,Jawad,99998-9363434-3,SANUM.House#47.Muslimabad.Lahore,TRUE,AGTTGTGAAGTGTCTCCGCA
99998,Afnan,99998-2648585-9,SANUM.House#47.Muslimabad.Lahore,TRUE,AGTTGTGAAGTGTCTGTATC
99998,Afsana,99998-2812786-0,SANUM.House#47.Muslimabad.Lahore,TRUE,AGTTGTGAAGTGTCTCGTGG
54674,Aftab,54674-2733536-6,ANWAR.House#116.Anarkali.Lahore,FALSE,TTGAGTCAGCGTCGAGCACG
54674,Ahmed,54674-2734546-5,ANWAR.House#116.Anarkali.Lahore,FALSE,TTGAGTCAGCGTCGAGAGTA
54674,Aimen,54674-0978236-4,ANWAR.House#116.Anarkali.Lahore,FALSE,TTGAGTCAGCGTCGATAATA
54674,Akash,54674-0901982-0,ANWAR.House#116.Anarkali.Lahore,FALSE,TTGAGTCAGCGTCGACAGCA
54674,Areeba,54674-0917363-3,ANWAR.House#116.Anarkali.Lahore,FALSE,TTGAGTCAGCGTCGATAACT
54674,Ali ,54674-9712673-6,ANWAR.House#116.Anarkali.Lahore,TRUE,TTGAGTCAGCGTCGAGTCTT
54674,Ayub,54674-9723635-2,ANWAR.House#116.Anarkali.Lahore,FALSE,TTGAGTCAGCGTCGAACCCA
44554,Amir,44554-0238927-1,FARAZ.House#90.Ichhra.Lahore,TRUE,TCGCCTGAAAACCAGTTGGT
44554,Amad,44554-2826364-0,FARAZ.House#90.Ichhra.Lahore,FALSE,TCGCCTGAAAACCAGGTCCA
44554,Amsar,44554-1828923-1,FARAZ.House#90.Ichhra.Lahore,TRUE,TCGCCTGAAAACCAGTGAAA
44554,Farhang,44554-0912892-0,FARAZ.House#90.Ichhra.Lahore,TRUE,TCGCCTGAAAACCAGGGTTC
44554,Kamran,44554-0008883-3,FARAZ.House#90.Ichhra.Lahore,FALSE,TCGCCTGAAAACCAGGAGTC
33242,Aneeq,33242-0239283-2,AZIZ.House#220.Awan Town.Lahore,TRUE,GACCAAGGACACACTCGAGC
33242,Aqib,33242-0298972-1,AZIZ.House#220.Awan Town.Lahore,FALSE,GACCAAGGACACACTCGAGA
33242,Aqleema,33242-0023273-3,AZIZ.House#220.Awan Town.Lahore,FALSE,GACCAAGGACACACTCCCGC
33242,Areej,33242-9297387-6,AZIZ.House#220.Awan Town.Lahore,TRUE,GACCAAGGACACACTTGAGT
33242,Arham,33242-0192827-9,AZIZ.House#220.Awan Town.Lahore,FALSE,GACCAAGGACACACTGTTGA
33242,Araf,33242-1933838-3,AZIZ.House#220.Awan Town.Lahore,TRUE,GACCAAGGACACACTCCCCC
33242,Armaghan,33242-1384784-1,AZIZ.House#220.Awan Town.Lahore,FALSE,GACCAAGGACACACTGAAGA
95954,Haris,95954-9308474-0,AZAN.House#1299.Model Town.Lahore,FALSE,GAAAACCAGTTGGTGTTAAG
95954,Abeer,95954-2266373-7,AZAN.House#1299.Model Town.Lahore,FALSE,GAAAACCAGTTGGTGGACGC
95954,Ahsan,95954-2927175-1,AZAN.House#1299.Model Town.Lahore,FALSE,GAAAACCAGTTGGTGATACA
95954,Amina,95954-0120181-1,AZAN.House#1299.Model Town.Lahore,TRUE,GAAAACCAGTTGGTGCCCGG
95954,Naveed,95954-0022949-1,AZAN.House#1299.Model Town.Lahore,TRUE,GAAAACCAGTTGGTGACCAA
25234,Annie,25234-1717171-1,JALAL.House#845.New Super Town.Lahore,TRUE,GGACACACTCGAGCTCCGAT
25234,Aryan,25234-0019827-3,JALAL.House#845.New Super Town.Lahore,FALSE,GGACACACTCGAGCTATTTG
25234,Aymen,25234-0917262-5,JALAL.House#845.New Super Town.Lahore,TRUE,GGACACACTCGAGCTGCTTG
25234,Bakhtawar,25234-9988774-3,JALAL.House#845.New Super Town.Lahore,FALSE,GGACACACTCGAGCTTCATG
25234,Taiba,25234-0099887-7,JALAL.House#845.New Super Town.Lahore,TRUE,GGACACACTCGAGCTTGAGT
25234,Sara,25234-9922773-4,JALAL.House#845.New Super Town.Lahore,TRUE,GGACACACTCGAGCTGACAT
77777,Sundus,77777-6655327-2,Bijnori.House#335.Bhatti Gate.Lahore,FALSE,GATAAAGTCCCCCCCTCGCG
77777,Faiza,77777-2827622-2,Bijnori.House#335.Bhatti Gate.Lahore,FALSE,GATAAAGTCCCCCCCGACTA
77777,Hafza,77777-2982718-6,Bijnori.House#335.Bhatti Gate.Lahore,TRUE,GATAAAGTCCCCCCCCCAGC
77777,Momina,77777-2211721-9,Bijnori.House#335.Bhatti Gate.Lahore,TRUE,GATAAAGTCCCCCCCGTTAC
77777,Hajira,77777-2272542-5,Bijnori.House#335.Bhatti Gate.Lahore,TRUE,GATAAAGTCCCCCCCGAGTG
56784,Haram,56784-3823762-5,JOHN.House#812.Defense.Lahore,FALSE,ACACGTCTGACCTTGCGGGT
56784,Hijab,56784-1281652-4,JOHN.House#812.Defense.Lahore,FALSE,ACACGTCTGACCTTGGAACT
56784,Kashaf,56784-1273975-3,JOHN.House#812.Defense.Lahore,FALSE,ACACGTCTGACCTTGACAGT
56784,Kiran,56784-8293726-2,JOHN.House#812.Defense.Lahore,FALSE,ACACGTCTGACCTTGAAAGG
56784,Mahneen,56784-1229774-4,JOHN.House#812.Defense.Lahore,FALSE,ACACGTCTGACCTTGCGCTT
